Date,Ticket_Number,EngineerId,Distance_Travelled
05-01-21,WO-012625781,10351.0,49.84
05-01-21,WO-012628323,10351.0,49.84
05-01-21,WO-012629787,10351.0,49.84
05-01-21,WO-012632030,9803.0,49.84
05-01-21,WO-012618164,10351.0,52.01
05-01-21,WO-012631532,9803.0,52.01
05-01-21,WO-012602410,9803.0,52.01
05-01-21,WO-012625158,10332.0,66.87
05-01-21,WO-012562814,10332.0,66.87
05-01-21,WO-012634124,9803.0,66.87
05-01-21,WO-012634610,10332.0,76.87
05-01-21,WO-012531099,10332.0,76.87
05-01-21,WO-012621321,9806.0,76.87
05-01-21,WO-012623934,9799.0,41.43
05-01-21,WO-012003826,9799.0,62.82
05-01-21,WO-012617819,10394.0,62.82
05-01-21,WO-012631147,10394.0,62.82
05-01-21,WO-012610604,9808.0,62.82
05-01-21,WO-012620424,9784.0,52.92
05-01-21,WO-012630631,9784.0,52.92
05-01-21,WO-012584338,10352.0,30.0
05-01-21,WO-012628530,10352.0,30.0
05-01-21,WO-012617664,9805.0,30.0
05-01-21,WO-012610868,9805.0,30.0
05-01-21,WO-012630043,9809.0,30.0
05-01-21,WO-012609367,9809.0,82.55
05-01-21,WO-012631444,9806.0,66.89
05-01-21,WO-012583916,9802.0,66.89
05-01-21,WO-012428695,9802.0,55.21
05-01-21,WO-012635898,9807.0,96.26
05-01-21,WO-012634314,9807.0,96.26
05-01-21,WO-012634331,9807.0,96.26
05-01-21,WO-012631334,9804.0,96.26
05-01-21,WO-012619730,9784.0,70.58
05-01-21,WO-012625106,9804.0,70.58
05-01-21,WO-012574549,10350.0,78.06
05-01-21,WO-012620854,2897.0,79.64
05-01-21,WO-012478408,10342.0,48.49
05-01-21,WO-012629176,10342.0,48.49
05-01-21,WO-012624324,10441.0,48.49
05-01-21,WO-012627640,10441.0,48.49
05-01-21,WO-012583270,9810.0,48.49
05-01-21,WO-012621943,9810.0,42.72
05-01-21,WO-012584551,9810.0,42.72
05-01-21,WO-012624895,10350.0,65.0
05-01-21,WO-012625089,10350.0,65.0
05-01-21,WO-012628221,9808.0,65.0
05-01-21,WO-012519587,9808.0,66.3
05-01-21,WO-012628496,9802.0,65.0
05-01-21,WO-012609531,10352.0,48.16
05-01-21,WO-012589046,9805.0,48.16
05-01-21,WO-012603697,9799.0,48.16
05-01-21,WO-012637059,10394.0,48.16
05-01-21,WO-012507165,9799.0,48.16
05-01-21,WO-012541988,9784.0,48.16
05-01-21,WO-012627063,2897.0,52.29
05-01-21,WO-012634028,2897.0,52.29
05-01-21,WO-012627062,2897.0,52.29
05-01-21,WO-012627127,10342.0,52.29
05-01-21,WO-012631817,10342.0,52.29
05-01-21,WO-012628814,10441.0,52.29
05-01-21,WO-012619355,10441.0,52.29
05-01-21,WO-012604071,9810.0,52.29
05-01-21,WO-012628150,9809.0,52.29
05-01-21,WO-012623438,9809.0,52.29
05-01-21,WO-012585691,9804.0,52.29
05-01-21,WO-012522396,9806.0,78.08
05-01-21,WO-012612941,9806.0,69.42
05-01-21,WO-012627275,9807.0,69.42
05-01-21,WO-012625333,9808.0,78.33
05-01-21,WO-012571804,9802.0,67.6
05-01-21,WO-012556272,10394.0,78.33
05-01-21,WO-012617198,2736.0,30.0
05-01-21,WO-012633597,2736.0,30.0
05-01-21,WO-012612053,2736.0,30.0
05-01-21,WO-012623593,2736.0,30.0
05-01-21,WO-012599177,9772.0,30.0
05-01-21,WO-012624803,9772.0,30.0
05-01-21,WO-012634033,9772.0,30.0
05-01-21,WO-012564676,9772.0,30.0
05-01-21,WO-012635291,9749.0,30.0
05-01-21,WO-012613714,9749.0,30.0
05-01-21,WO-012635405,9749.0,30.0
05-01-21,WO-012633729,9749.0,30.0
05-01-21,WO-012539300,9776.0,30.0
05-01-21,WO-012624520,9776.0,30.0
05-01-21,WO-012634278,9773.0,30.0
05-01-21,WO-012604334,9776.0,30.0
05-01-21,WO-012636405,9776.0,30.0
05-01-21,WO-012629208,9773.0,30.0
05-01-21,WO-012500640,10153.0,30.0
05-01-21,WO-012634362,10153.0,30.0
05-01-21,WO-012573369,9773.0,30.0
05-01-21,WO-012599436,10153.0,30.0
05-01-21,WO-012618391,10153.0,30.0
05-01-21,WO-012624770,9816.0,30.0
05-01-21,WO-012631105,9816.0,30.0
05-01-21,WO-012613542,9816.0,30.0
05-01-21,WO-012601291,9816.0,30.0
05-01-21,WO-012625054,2601.0,30.0
05-01-21,WO-012633547,2601.0,30.0
05-01-21,WO-012636414,2601.0,30.0
05-01-21,WO-012577235,2601.0,30.0
05-01-21,WO-012549923,10367.0,30.0
05-01-21,WO-012573510,9773.0,30.0
05-01-21,WO-012630412,9779.0,30.0
05-01-21,WO-012633972,10367.0,30.0
05-01-21,WO-012625782,10367.0,30.0
05-01-21,WO-012514833,10435.0,72.73
05-01-21,WO-012624287,10435.0,72.73
05-01-21,WO-012608891,10435.0,140.14
05-01-21,WO-012611074,2813.0,140.14
05-01-21,WO-012609451,9774.0,51.99
05-01-21,WO-012613337,9774.0,57.53
05-01-21,WO-012624828,9774.0,57.53
05-01-21,WO-012599244,9774.0,57.53
05-01-21,WO-012593983,10367.0,57.53
05-01-21,WO-012625552,2813.0,57.53
05-01-21,WO-012633708,9779.0,95.77
05-01-21,WO-012630265,9779.0,86.89
05-01-21,WO-012606127,9630.0,42.52
05-01-21,WO-012623488,6929.0,42.52
05-01-21,WO-012612411,6997.0,30.0
05-01-21,WO-012623849,9631.0,30.0
05-01-21,WO-012625512,9631.0,30.0
05-01-21,WO-012620178,9652.0,30.0
05-01-21,WO-012537318,9652.0,30.0
05-01-21,WO-012622966,9661.0,30.0
05-01-21,WO-012604890,9661.0,30.0
05-01-21,WO-012620173,10186.0,30.0
05-01-21,WO-012629691,6929.0,65.77
05-01-21,WO-012620091,2307.0,87.0
05-01-21,WO-012623675,6997.0,60.31
05-01-21,WO-012628653,2480.0,56.54
05-01-21,WO-012589221,2480.0,56.54
05-01-21,WO-012625306,9630.0,92.49
05-01-21,WO-012583231,10186.0,146.17
05-01-21,WO-012579786,2736.0,156.26
05-01-21,WO-012598957,10352.0,30.0
05-01-21,WO-012630318,9805.0,49.84
05-01-21,WO-012642906,2480.0,56.54
05-01-21,WO-012633243,9803.0,52.29
05-01-21,WO-012643582,2813.0,30.0
05-01-21,WO-012629401,2813.0,30.0
05-01-21,WO-012632407,9774.0,30.0
05-01-21,WO-012642669,9807.0,41.43
05-01-21,WO-012629323,2897.0,52.4
05-01-21,WO-012642755,9772.0,30.0
05-01-21,WO-012644429,9774.0,30.0
05-01-21,WO-012647749,10352.0,52.01
